,PLAYER,POS,FPTS,VOR,VALUERANK
0,Jonathan Taylor,RB,315.4,206.39999999999998,1.0
2,Christian McCaffrey,RB,298.3,189.3,2.0
0,Cooper Kupp,WR,297.45,179.39999999999998,3.0
1,Derrick Henry,RB,279.15000000000003,170.15000000000003,4.0
3,Austin Ekeler,RB,275.15,166.14999999999998,5.0
5,Alvin Kamara,RB,251.65,142.65,6.0
2,Justin Jefferson,WR,258.9,140.84999999999997,7.0
4,Joe Mixon,RB,246.75,137.75,8.0
1,Ja'Marr Chase,WR,254.75,136.7,9.0
7,Najee Harris,RB,240.2,131.2,10.0
6,Dalvin Cook,RB,237.55,128.55,11.0
8,Aaron Jones,RB,234.8,125.80000000000001,12.0
4,Davante Adams,WR,240.9,122.85000000000001,13.0
3,Deebo Samuel,WR,240.75,122.7,14.0
9,Leonard Fournette,RB,229.75,120.75,15.0
14,D'Andre Swift,RB,227.15,118.15,16.0
13,Saquon Barkley,RB,224.95,115.94999999999999,17.0
10,James Conner,RB,221.55,112.55000000000001,18.0
12,Javonte Williams,RB,220.65,111.65,19.0
5,Stefon Diggs,WR,228.60000000000002,110.55000000000003,20.0
0,Travis Kelce,TE,223.35,107.35,21.0
1,Mark Andrews,TE,219.64999999999998,103.64999999999998,22.0
0,Josh Allen,QB,400.7,102.09999999999997,23.0
8,Tyreek Hill,WR,219.05,101.00000000000001,24.0
11,Nick Chubb,RB,209.8,100.80000000000001,25.0
7,CeeDee Lamb,WR,218.75,100.7,26.0
15,David Montgomery,RB,206.04999999999998,97.04999999999998,27.0
6,Mike Evans,WR,214.5,96.45,28.0
16,Ezekiel Elliott,RB,201.0,92.0,29.0
9,Tee Higgins,WR,207.05,89.00000000000001,30.0
18,Breece Hall,RB,193.8,84.80000000000001,31.0
23,Travis Etienne Jr.,RB,193.39999999999998,84.39999999999998,32.0
12,Michael Pittman Jr.,WR,202.3,84.25000000000001,33.0
10,A.J. Brown,WR,202.0,83.95,34.0
19,Cam Akers,RB,190.9,81.9,35.0
14,Keenan Allen,WR,199.55,81.50000000000001,36.0
17,Elijah Mitchell,RB,189.9,80.9,37.0
21,Josh Jacobs,RB,188.5,79.5,38.0
16,Brandin Cooks,WR,194.8,76.75000000000001,39.0
11,Mike Williams,WR,194.15,76.10000000000001,40.0
22,J.K. Dobbins,RB,184.95,75.94999999999999,41.0
13,DJ Moore,WR,193.45,75.39999999999999,42.0
1,Patrick Mahomes II,QB,373.2,74.59999999999997,43.0
20,Damien Harris,RB,181.85,72.85,44.0
18,Diontae Johnson,WR,190.75,72.7,45.0
24,Miles Sanders,RB,179.35,70.35,46.0
19,Chris Godwin,WR,185.85,67.8,47.0
17,DK Metcalf,WR,184.05,66.00000000000001,48.0
25,Antonio Gibson,RB,174.8,65.80000000000001,49.0
22,Jaylen Waddle,WR,183.20000000000002,65.15000000000002,50.0
23,Amon-Ra St. Brown,WR,181.10000000000002,63.050000000000026,51.0
27,AJ Dillon,RB,171.75,62.75,52.0
20,Terry McLaurin,WR,180.65,62.60000000000001,53.0
15,Gabriel Davis,WR,180.5,62.45,54.0
25,Michael Thomas,WR,179.05,61.000000000000014,55.0
29,Clyde Edwards-Helaire,RB,169.25,60.25,56.0
31,Tony Pollard,RB,169.14999999999998,60.14999999999998,57.0
28,Dameon Pierce,RB,168.55,59.55000000000001,58.0
21,Courtland Sutton,WR,176.0,57.95,59.0
26,Rashaad Penny,RB,166.75,57.75,60.0
26,Marquise Brown,WR,175.64999999999998,57.59999999999998,61.0
2,Justin Herbert,QB,355.7,57.099999999999966,62.0
24,Jerry Jeudy,WR,174.89999999999998,56.84999999999998,63.0
27,Darnell Mooney,WR,174.8,56.750000000000014,64.0
30,Devin Singletary,RB,163.6,54.599999999999994,65.0
34,Chase Edmonds,RB,163.4,54.400000000000006,66.0
33,Cordarrelle Patterson,RB,162.95000000000002,53.95000000000002,67.0
32,Rhamondre Stevenson,RB,162.95,53.94999999999999,68.0
3,Lamar Jackson,QB,351.4,52.799999999999955,69.0
4,Kyler Murray,QB,350.7,52.099999999999966,70.0
28,Elijah Moore,WR,169.35,51.3,71.0
5,Jalen Hurts,QB,349.8,51.19999999999999,72.0
29,Tyler Lockett,WR,169.15,51.10000000000001,73.0
34,Hunter Renfrow,WR,168.60000000000002,50.550000000000026,74.0
33,JuJu Smith-Schuster,WR,166.2,48.14999999999999,75.0
31,Allen Robinson II,WR,165.95,47.89999999999999,76.0
30,Adam Thielen,WR,165.8,47.750000000000014,77.0
2,Kyle Pitts,TE,163.3,47.30000000000001,78.0
32,Amari Cooper,WR,165.1,47.05,79.0
35,Robert Woods,WR,163.55,45.500000000000014,80.0
3,Darren Waller,TE,161.3,45.30000000000001,81.0
36,Rashod Bateman,WR,161.3,43.250000000000014,82.0
5,Dalton Schultz,TE,155.0,39.0,83.0
38,Christian Kirk,WR,156.8,38.750000000000014,84.0
6,Tom Brady,QB,336.8,38.19999999999999,85.0
4,George Kittle,TE,153.65,37.650000000000006,86.0
36,Kareem Hunt,RB,143.5,34.5,87.0
7,Dak Prescott,QB,332.9,34.299999999999955,88.0
37,DeVonta Smith,WR,152.0,33.95,89.0
39,Chase Claypool,WR,150.35,32.3,90.0
40,Brandon Aiyuk,WR,149.1,31.049999999999997,91.0
35,Melvin Gordon III,RB,139.4,30.400000000000006,92.0
42,Drake London,WR,147.4,29.35000000000001,93.0
41,Allen Lazard,WR,146.15,28.10000000000001,94.0
8,Joe Burrow,QB,323.8,25.19999999999999,95.0
6,Dallas Goedert,TE,140.29999999999998,24.299999999999983,96.0
48,Jakobi Meyers,WR,141.95,23.89999999999999,97.0
43,Treylon Burks,WR,141.04999999999998,22.999999999999986,98.0
44,DeAndre Hopkins,WR,140.85,22.799999999999997,99.0
47,Kadarius Toney,WR,138.8,20.750000000000014,100.0
9,Aaron Rodgers,QB,318.2,19.599999999999966,101.0
7,T.J. Hockenson,TE,133.89999999999998,17.899999999999977,102.0
46,Mecole Hardman,WR,135.45,17.39999999999999,103.0
10,Matthew Stafford,QB,315.9,17.299999999999955,104.0
37,Michael Carter,RB,125.69999999999999,16.69999999999999,105.0
11,Trey Lance,QB,315.0,16.399999999999977,106.0
49,DeVante Parker,WR,133.0,14.950000000000003,107.0
45,Marquez Valdes-Scantling,WR,132.05,14.000000000000014,108.0
52,Russell Gage,WR,131.65,13.600000000000009,109.0
53,Tyler Boyd,WR,131.1,13.049999999999997,110.0
51,Kenny Golladay,WR,128.6,10.549999999999997,111.0
54,Marvin Jones Jr.,WR,128.25,10.200000000000003,112.0
10,Zach Ertz,TE,126.05,10.049999999999997,113.0
50,Michael Gallup,WR,127.25,9.200000000000003,114.0
39,James Robinson,RB,117.89999999999999,8.899999999999991,115.0
9,Hunter Henry,TE,124.85000000000001,8.850000000000009,116.0
12,Russell Wilson,QB,307.0,8.399999999999977,117.0
8,Dawson Knox,TE,123.6,7.599999999999994,118.0
56,Jarvis Landry,WR,125.5,7.450000000000003,119.0
38,Raheem Mostert,RB,115.25,6.25,120.0
57,Robbie Anderson,WR,123.95,5.900000000000006,121.0
55,Chris Olave,WR,123.6,5.549999999999997,122.0
40,Darrell Henderson Jr.,RB,112.65,3.6500000000000057,123.0
11,Mike Gesicki,TE,119.0,3.0,124.0
59,Garrett Wilson,WR,120.8,2.75,125.0
58,DJ Chark Jr.,WR,118.9,0.8500000000000085,126.0
13,Pat Freiermuth,TE,116.85,0.8499999999999943,127.0
61,Nico Collins,WR,118.4,0.3500000000000085,128.0
12,Tyler Higbee,TE,116.19999999999999,0.19999999999998863,129.0
45,Nyheim Hines,RB,109.15,0.15000000000000568,130.0
44,James Cook,RB,109.0,0.0,132.5
14,Cole Kmet,TE,116.0,0.0,132.5
13,Kirk Cousins,QB,298.6,0.0,132.5
63,George Pickens,WR,118.05,0.0,132.5
60,Corey Davis,WR,117.44999999999999,-0.6000000000000085,135.0
41,Jamaal Williams,RB,108.05,-0.9500000000000028,136.0
15,Noah Fant,TE,115.0,-1.0,137.0
62,Jahan Dotson,WR,116.65,-1.3999999999999915,138.0
14,Derek Carr,QB,296.2,-2.400000000000034,139.0
42,Brian Robinson Jr.,RB,104.60000000000001,-4.3999999999999915,140.0
43,Ken Walker III,RB,104.05000000000001,-4.949999999999989,141.0
16,David Njoku,TE,110.5,-5.5,142.0
64,Jalen Tolbert,WR,111.80000000000001,-6.249999999999986,143.0
18,Gerald Everett,TE,109.15,-6.849999999999994,144.0
70,Rondale Moore,WR,111.10000000000001,-6.949999999999989,145.0
49,J.D. McKissic,RB,101.9,-7.099999999999994,146.5
46,Kenneth Gainwell,RB,101.9,-7.099999999999994,146.5
73,Sterling Shepard,WR,110.05000000000001,-7.999999999999986,148.0
17,Irv Smith Jr.,TE,107.7,-8.299999999999997,149.0
65,Van Jefferson,WR,109.7,-8.349999999999994,150.0
66,Donovan Peoples-Jones,WR,108.85,-9.200000000000003,151.0
68,Julio Jones,WR,107.35,-10.700000000000003,152.0
71,Parris Campbell,WR,106.64999999999999,-11.400000000000006,153.0
67,Skyy Moore,WR,106.2,-11.849999999999994,154.0
69,Curtis Samuel,WR,105.95,-12.099999999999994,155.0
20,Albert Okwuegbunam,TE,103.15,-12.849999999999994,156.0
48,Alexander Mattison,RB,96.05,-12.950000000000003,157.0
21,Logan Thomas,TE,102.75,-13.25,158.0
22,Evan Engram,TE,102.6,-13.400000000000006,159.0
19,Robert Tonyan,TE,102.4,-13.599999999999994,160.0
47,Mark Ingram II,RB,95.1,-13.900000000000006,161.0
15,Tua Tagovailoa,QB,284.6,-14.0,162.0
74,Joshua Palmer,WR,103.65,-14.399999999999991,163.0
72,K.J. Osborn,WR,103.15,-14.899999999999991,164.0
50,Rex Burkhead,RB,92.65,-16.349999999999994,165.0
23,Austin Hooper,TE,98.75,-17.25,166.0
75,KJ Hamler,WR,99.80000000000001,-18.249999999999986,167.0
77,Randall Cobb,WR,98.55000000000001,-19.499999999999986,168.0
76,Alec Pierce,WR,98.5,-19.549999999999997,169.0
78,Kendrick Bourne,WR,97.35,-20.700000000000003,170.0
16,Ryan Tannehill,QB,277.0,-21.600000000000023,171.0
51,Rachaad White,RB,85.75,-23.25,172.0
17,Trevor Lawrence,QB,275.2,-23.400000000000034,173.0
81,Zay Jones,WR,91.10000000000001,-26.94999999999999,174.0
53,Khalil Herbert,RB,81.8,-27.200000000000003,175.0
80,Cedrick Wilson Jr.,WR,90.35,-27.700000000000003,176.0
24,Hayden Hurst,TE,88.05,-27.950000000000003,177.0
52,Tyler Allgeier,RB,80.95,-28.049999999999997,178.0
18,Justin Fields,QB,269.9,-28.700000000000045,179.0
79,Nick Westbrook-Ikhine,WR,89.15,-28.89999999999999,180.0
82,A.J. Green,WR,87.1,-30.950000000000003,181.0
83,Bryan Edwards,WR,86.35,-31.700000000000003,182.0
86,Isaiah McKenzie,WR,85.55,-32.5,183.0
84,Wan'Dale Robinson,WR,84.9,-33.14999999999999,184.0
25,Mo Alie-Cox,TE,82.8,-33.2,185.0
58,Ameer Abdullah,RB,74.75,-34.25,186.0
19,Matt Ryan,QB,263.5,-35.10000000000002,187.0
20,Daniel Jones,QB,263.4,-35.200000000000045,188.0
56,Jerick McKinnon,RB,73.7,-35.3,189.0
85,Romeo Doubs,WR,82.5,-35.55,190.5
26,Brevin Jordan,TE,80.45,-35.55,190.5
90,Devin Duvernay,WR,81.9,-36.14999999999999,192.0
87,Christian Watson,WR,80.85000000000001,-37.19999999999999,193.0
88,Jameson Williams,WR,79.4,-38.64999999999999,194.0
21,Jameis Winston,QB,259.3,-39.30000000000001,195.0
91,Sammy Watkins,WR,78.6,-39.45,196.0
22,Mac Jones,QB,258.8,-39.80000000000001,197.0
93,Jamison Crowder,WR,77.55,-40.5,198.0
92,Byron Pringle,WR,76.5,-41.55,199.0
89,James Washington,WR,76.39999999999999,-41.650000000000006,200.0
55,Zamir White,RB,66.6,-42.400000000000006,201.0
54,Gus Edwards,RB,66.3,-42.7,202.0
94,Nelson Agholor,WR,73.55,-44.5,203.0
23,Carson Wentz,QB,252.9,-45.70000000000002,204.0
97,Braxton Berrios,WR,72.15,-45.89999999999999,205.0
29,C.J. Uzomah,TE,69.6,-46.400000000000006,206.0
96,David Bell,WR,71.55,-46.5,207.0
27,Kyle Rudolph,TE,69.1,-46.900000000000006,208.0
98,Laviska Shenault Jr.,WR,70.9,-47.14999999999999,209.0
95,Keelan Cole Sr.,WR,70.75,-47.3,210.0
61,Damien Williams,RB,61.400000000000006,-47.599999999999994,211.0
57,D'Onta Foreman,RB,61.4,-47.6,212.0
62,Dontrell Hilliard,RB,61.2,-47.8,213.0
28,Isaiah Likely,TE,68.05,-47.95,214.0
24,Jared Goff,QB,250.6,-48.00000000000003,215.0
30,Cameron Brate,TE,67.35,-48.650000000000006,216.0
99,Olamide Zaccheaus,WR,68.05,-50.0,217.0
31,Adam Trautman,TE,65.80000000000001,-50.19999999999999,218.0
100,Velus Jones Jr.,WR,66.95,-51.099999999999994,219.0
59,Boston Scott,RB,57.6,-51.4,220.0
101,Freddie Swain,WR,66.45,-51.599999999999994,221.0
32,Jonnu Smith,TE,63.85,-52.15,222.0
60,Sony Michel,RB,56.7,-52.3,223.0
102,Quez Watkins,WR,65.6,-52.45,224.0
67,Samaje Perine,RB,55.650000000000006,-53.349999999999994,225.0
34,Tyler Conklin,TE,62.1,-53.9,226.0
103,Jauan Jennings,WR,63.3,-54.75,227.0
63,Ronald Jones II,RB,53.75,-55.25,228.0
33,Andrew Beck,TE,60.55,-55.45,229.0
64,Isaiah Spiller,RB,52.5,-56.5,230.0
65,Eno Benjamin,RB,52.35,-56.65,231.0
35,Harrison Bryant,TE,58.9,-57.1,232.0
66,Matt Breida,RB,51.75,-57.25,233.0
68,Darrel Williams,RB,51.5,-57.5,234.0
25,Baker Mayfield,QB,240.9,-57.70000000000002,235.0
69,Isiah Pacheco,RB,48.4,-60.6,236.0
36,Foster Moreau,TE,55.0,-61.0,237.0
104,Jalen Guyton,WR,56.95,-61.099999999999994,238.0
105,Dee Eskridge,WR,56.8,-61.25,239.0
72,Mike Davis,RB,47.449999999999996,-61.550000000000004,240.0
38,Tommy Tremble,TE,54.300000000000004,-61.699999999999996,241.0
37,Dan Arnold,TE,54.150000000000006,-61.849999999999994,242.0
71,J.J. Taylor,RB,46.199999999999996,-62.800000000000004,243.0
70,Phillip Lindsay,RB,45.2,-63.8,244.0
107,Chris Conley,WR,54.05,-64.0,245.0
39,Geoff Swaim,TE,50.8,-65.2,246.0
109,Terrace Marshall Jr.,WR,52.75,-65.3,247.0
73,Jeff Wilson Jr.,RB,43.4,-65.6,248.0
108,Josh Reynolds,WR,52.4,-65.65,249.0
75,Chuba Hubbard,RB,43.3,-65.7,250.0
40,Daniel Bellinger,TE,49.7,-66.3,251.0
74,D'Ernest Johnson,RB,42.050000000000004,-66.94999999999999,252.0
110,Laquon Treadwell,WR,50.95,-67.1,253.0
26,Davis Mills,QB,231.4,-67.20000000000002,254.0
106,Ty Montgomery,WR,50.699999999999996,-67.35,255.0
87,Kyle Juszczyk,RB,40.8,-68.2,256.0
76,Justin Jackson,RB,40.65,-68.35,257.0
111,James Proche II,WR,49.55,-68.5,258.0
44,Jordan Akins,TE,47.45,-68.55,259.0
41,Kendall Blanton,TE,46.9,-69.1,260.0
80,Kenyan Drake,RB,39.6,-69.4,261.0
114,Phillip Dorsett II,WR,48.550000000000004,-69.5,262.0
42,Jelani Woods,TE,46.449999999999996,-69.55000000000001,263.0
113,Amari Rodgers,WR,48.3,-69.75,264.0
77,Tyler Goodson,RB,38.699999999999996,-70.30000000000001,265.0
43,Donald Parham Jr.,TE,45.650000000000006,-70.35,266.0
112,Mack Hollins,WR,47.6,-70.44999999999999,267.0
45,Anthony Firkser,TE,44.949999999999996,-71.05000000000001,268.0
78,Ke'Shawn Vaughn,RB,37.199999999999996,-71.80000000000001,269.0
79,Hassan Haskins,RB,37.1,-71.9,270.0
46,Durham Smythe,TE,43.9,-72.1,271.0
88,Chris Evans,RB,36.65,-72.35,272.0
81,Zack Moss,RB,35.75,-73.25,273.0
82,Anthony McFarland Jr.,RB,35.55,-73.45,274.0
86,Myles Gaskin,RB,35.35,-73.65,275.0
115,Marquez Callaway,WR,44.35,-73.69999999999999,276.0
83,Craig Reynolds,RB,34.0,-75.0,277.0
51,Pharaoh Brown,TE,40.65,-75.35,278.0
84,Joshua Kelley,RB,33.5,-75.5,279.0
85,Tyrion Davis-Price,RB,33.3,-75.7,280.0
48,Cade Otton,TE,39.85,-76.15,281.0
47,Taysom Hill,TE,39.7,-76.3,282.0
49,O.J. Howard,TE,39.3,-76.7,283.0
50,Trey McBride,TE,38.65,-77.35,284.0
116,Jamal Agnew,WR,40.35,-77.69999999999999,285.0
52,Kylen Granson,TE,38.05,-77.95,286.0
53,Josiah Deguara,TE,37.8,-78.2,287.0
90,Giovani Bernard,RB,30.7,-78.3,288.0
94,Travis Homer,RB,30.35,-78.65,289.0
101,Ty Montgomery,RB,29.75,-79.25,290.0
121,Tyler Johnson,WR,38.75,-79.3,291.0
55,Will Dissly,TE,36.55,-79.45,292.0
119,Noah Brown,WR,38.45,-79.6,293.0
118,Darius Slayton,WR,38.349999999999994,-79.7,294.0
89,Benny Snell Jr.,RB,29.200000000000003,-79.8,295.0
54,Greg Dulcich,TE,35.85,-80.15,297.0
98,Brandon Bolden,RB,28.85,-80.15,297.0
120,Rashard Higgins,WR,37.9,-80.15,297.0
124,Chris Moore,WR,37.6,-80.44999999999999,299.0
117,Quintez Cephus,WR,37.4,-80.65,300.0
91,Trey Sermon,RB,28.05,-80.95,301.0
56,John Bates,TE,34.6,-81.4,302.0
123,Jaylon Moore,WR,36.6,-81.44999999999999,303.0
92,Deon Jackson,RB,27.55,-81.45,304.0
122,Ben Skowronek,WR,36.5,-81.55,305.5
99,Dare Ogunbowale,RB,27.450000000000003,-81.55,305.5
93,Kyren Williams,RB,26.95,-82.05,307.0
100,Ty Johnson,RB,26.9,-82.1,308.0
57,Ian Thomas,TE,33.55,-82.45,309.0
125,Demarcus Robinson,WR,35.35,-82.69999999999999,310.0
95,Pierre Strong Jr.,RB,25.849999999999998,-83.15,311.0
97,Snoop Conner,RB,25.650000000000002,-83.35,312.0
96,Jaylen Warren,RB,25.35,-83.65,313.0
58,Marcedes Lewis,TE,31.75,-84.25,314.0
103,Royce Freeman,RB,24.6,-84.4,315.0
102,Qadree Ollison,RB,24.55,-84.45,316.0
126,Dez Fitzpatrick,WR,33.15,-84.9,317.0
106,DeeJay Dallas,RB,23.85,-85.15,318.0
127,Marquise Goodwin,WR,32.8,-85.25,319.0
59,Ryan Griffin,TE,30.65,-85.35,320.0
130,Kyle Philips,WR,32.25,-85.8,321.0
27,Marcus Mariota,QB,212.7,-85.90000000000003,322.0
128,Equanimeous St. Brown,WR,32.05,-86.0,323.0
60,Chris Myarick,TE,29.9,-86.1,324.0
104,Gary Brightwell,RB,22.5,-86.5,325.0
131,Cody Hollister,WR,31.45,-86.6,326.0
28,Zach Wilson,QB,211.8,-86.80000000000001,327.0
129,Keke Coutee,WR,31.049999999999997,-87.0,328.0
136,Damiere Byrd,WR,30.65,-87.4,329.0
132,Tutu Atwell,WR,30.5,-87.55,330.0
138,Trent Sherfield,WR,30.200000000000003,-87.85,331.0
105,Patrick Taylor Jr.,RB,20.9,-88.1,332.0
133,Anthony Schwartz,WR,29.900000000000002,-88.14999999999999,333.0
137,Kalif Raymond,WR,29.9,-88.15,334.5
134,Zach Pascal,WR,29.9,-88.15,334.5
61,Zach Davidson,TE,27.8,-88.2,336.0
135,Montrell Washington,WR,29.5,-88.55,338.0
62,Jake Ferguson,TE,27.45,-88.55,338.0
139,Auden Tate,WR,29.5,-88.55,338.0
141,Anthony Miller,WR,28.95,-89.1,340.0
63,Maxx Williams,TE,26.85,-89.15,341.0
107,Jermar Jefferson,RB,19.8,-89.2,342.0
111,Trestan Ebner,RB,19.5,-89.5,343.0
108,Darrynton Evans,RB,19.4,-89.6,344.0
109,Tony Jones Jr.,RB,19.2,-89.8,345.0
110,Jonathan Williams,RB,19.15,-89.85,346.0
140,Dyami Brown,WR,27.9,-90.15,347.0
64,Brycen Hopkins,TE,25.25,-90.75,348.0
65,Jacob Harris,TE,25.2,-90.8,349.0
144,Calvin Austin III,WR,27.05,-91.0,350.0
112,Jerome Ford,RB,17.95,-91.05,351.0
116,Ty Chandler,RB,17.9,-91.1,352.0
142,Jalen Reagor,WR,26.849999999999998,-91.2,353.0
145,Lynn Bowden Jr.,WR,26.65,-91.4,354.0
143,DJ Turner,WR,26.25,-91.8,356.0
67,Shaun Beyer,TE,24.2,-91.8,356.0
66,Nick Muse,TE,24.2,-91.8,356.0
115,Dwayne Washington,RB,17.150000000000002,-91.85,358.5
119,Trenton Cannon,RB,17.150000000000002,-91.85,358.5
113,Antonio Williams,RB,17.1,-91.9,360.0
114,Kene Nwangwu,RB,16.8,-92.2,361.0
117,Darwin Thompson,RB,16.4,-92.6,362.0
122,Kylin Hill,RB,16.2,-92.8,363.0
73,Parker Hesse,TE,23.1,-92.9,364.5
68,Chris Manhertz,TE,23.099999999999998,-92.9,364.5
148,Ray-Ray McCloud,WR,25.049999999999997,-93.0,366.0
69,Kenny Yeboah,TE,22.9,-93.1,367.0
126,C.J. Ham,RB,15.7,-93.3,368.5
70,Tyler Kroft,TE,22.700000000000003,-93.3,368.5
147,Antoine Wesley,WR,24.650000000000002,-93.39999999999999,370.0
71,Brock Wright,TE,22.6,-93.4,371.5
125,Demetric Felton Jr.,RB,15.600000000000001,-93.4,371.5
124,Keith Smith,RB,15.55,-93.45,373.0
118,Jordan Mason,RB,15.45,-93.55,374.0
76,Zach Gentry,TE,22.4,-93.6,375.0
74,Nick Boyle,TE,22.25,-93.75,376.0
120,Rico Dowdle,RB,15.100000000000001,-93.9,377.0
75,Noah Gray,TE,22.05,-93.95,378.0
72,Jody Fortson,TE,21.65,-94.35,379.0
77,John FitzPatrick,TE,21.6,-94.4,380.0
121,Trayveon Williams,RB,14.5,-94.5,381.5
78,Connor Heyward,TE,21.5,-94.5,381.5
79,Blake Bell,TE,21.35,-94.65,383.0
146,Deonte Harty,WR,23.25,-94.8,384.0
154,Dareke Young,WR,23.150000000000002,-94.89999999999999,385.0
151,Tyrie Cleveland,WR,23.15,-94.9,386.0
150,Erik Ezukanma,WR,22.950000000000003,-95.1,387.0
152,Demetric Felton Jr.,WR,22.85,-95.19999999999999,388.0
80,Drew Sample,TE,20.6,-95.4,389.0
149,Richie James Jr.,WR,22.549999999999997,-95.5,390.0
155,Tylan Wallace,WR,22.45,-95.6,391.0
153,Cam Sims,WR,22.35,-95.69999999999999,392.0
123,Keaontay Ingram,RB,13.0,-96.0,393.0
156,Simi Fehoko,WR,21.75,-96.3,394.0
130,Alec Ingold,RB,12.35,-96.65,395.5
159,Kristian Wilkerson,WR,21.4,-96.65,395.5
157,Ashton Dulin,WR,21.349999999999998,-96.7,397.0
158,Khalil Shakir,WR,21.3,-96.75,398.0
128,Duke Johnson Jr.,RB,12.0,-97.0,399.5
160,Jalen Nailor,WR,21.049999999999997,-97.0,399.5
127,Mike Boone,RB,11.95,-97.05,401.0
81,Luke Farrell,TE,18.5,-97.5,402.0
161,David Moore,WR,20.45,-97.6,403.0
82,Ko Kieft,TE,17.9,-98.1,404.0
134,Patrick Ricard,RB,10.7,-98.3,405.0
129,Justice Hill,RB,10.5,-98.5,406.0
131,Jake Funk,RB,10.4,-98.6,407.0
83,Peyton Hendershot,TE,17.25,-98.75,408.0
162,KhaDarel Hodge,WR,18.95,-99.1,409.0
132,JaMycal Hasty,RB,9.7,-99.3,410.0
86,Ross Dwelley,TE,16.6,-99.4,411.0
164,Tyquan Thornton,WR,18.5,-99.55,413.0
85,Stephen Anderson,TE,16.45,-99.55,413.0
168,Penny Hart,WR,18.5,-99.55,413.0
169,Juwan Johnson,WR,18.45,-99.6,416.0
135,Andrew Beck,RB,9.4,-99.6,416.0
136,Jakob Johnson,RB,9.4,-99.6,416.0
166,Danny Gray,WR,18.35,-99.69999999999999,418.0
133,Michael Burton,RB,9.25,-99.75,419.0
165,Ihmir Smith-Marsette,WR,18.25,-99.8,420.5
84,Devin Asiasi,TE,16.2,-99.8,420.5
167,Shi Smith,WR,18.05,-100.0,422.0
163,Breshad Perriman,WR,18.0,-100.05,423.0
87,Johnny Mundt,TE,15.8,-100.2,424.5
137,Giovanni Ricci,RB,8.8,-100.2,424.5
90,Tre' McKitty,TE,15.399999999999999,-100.6,426.0
88,Nick Vannett,TE,15.350000000000001,-100.65,427.0
92,Kevin Rader,TE,15.2,-100.8,429.0
138,Julius Chestnut,RB,8.2,-100.8,429.0
170,Jason Moore Jr.,WR,17.25,-100.8,429.0
171,Bo Melton,WR,16.85,-101.19999999999999,431.0
139,Derek Watt,RB,7.8,-101.2,432.0
89,Grant Calcaterra,TE,14.649999999999999,-101.35,433.0
91,Tyree Jackson,TE,14.6,-101.4,434.0
93,Chigoziem Okonkwo,TE,14.4,-101.6,436.0
141,Khari Blasingame,RB,7.4,-101.6,436.0
140,Jason Cabinda,RB,7.3999999999999995,-101.6,436.0
172,Seth Williams,WR,16.2,-101.85,438.0
175,Tim Jones,WR,16.05,-102.0,439.5
176,Tajae Sharpe,WR,16.05,-102.0,439.5
143,Trevon Wesco,RB,6.95,-102.05,441.0
177,Greg Ward,WR,15.899999999999999,-102.15,442.0
145,Reggie Gilliam,RB,6.8,-102.2,443.0
173,Samori Toure,WR,15.8,-102.25,444.0
174,Scotty Miller,WR,15.75,-102.3,445.0
95,MyCole Pruitt,TE,13.6,-102.4,446.0
96,James Mitchell,TE,13.149999999999999,-102.85,447.0
144,Adam Prentice,RB,6.0,-103.0,448.0
142,Salvon Ahmed,RB,5.9,-103.1,449.0
147,Tory Carter,RB,5.85,-103.15,450.0
94,Juwan Johnson,TE,12.65,-103.35,451.0
97,Armani Rogers,TE,12.6,-103.4,452.0
146,Brittain Brown,RB,5.45,-103.55,453.5
99,Jack Stoll,TE,12.45,-103.55,453.5
179,Mike Strachan,WR,14.45,-103.6,455.0
183,Trent Taylor,WR,14.149999999999999,-103.9,456.0
180,Dezmon Patmon,WR,14.0,-104.05,457.5
181,Mason Kinsey,WR,14.0,-104.05,457.5
185,Tre Nixon,WR,13.799999999999999,-104.25,459.5
178,KaVontae Turpin,WR,13.8,-104.25,459.5
184,Denzel Mims,WR,13.75,-104.3,462.0
182,Jeff Smith,WR,13.75,-104.3,462.0
98,Ben Ellefson,TE,11.7,-104.3,462.0
187,Racey McMath,WR,13.7,-104.35,464.0
100,Eric Tomlinson,TE,11.600000000000001,-104.4,465.0
148,Mekhi Sargent,RB,4.55,-104.45,466.0
188,Justin Watson,WR,13.55,-104.5,467.0
189,Tyron Johnson,WR,13.5,-104.55,468.5
101,Tanner Hudson,TE,11.45,-104.55,468.5
103,Tommy Sweeney,TE,11.25,-104.75,470.5
186,Kendall Hinton,WR,13.3,-104.75,470.5
102,Jesper Horsted,TE,11.2,-104.8,472.0
190,Miles Boykin,WR,13.149999999999999,-104.9,473.0
191,Nsimba Webster,WR,13.05,-105.0,474.0
192,Andre Roberts,WR,12.8,-105.25,475.0
193,DeAndre Carter,WR,12.55,-105.5,476.0
104,Hunter Long,TE,10.35,-105.65,477.0
105,Colby Parkinson,TE,10.2,-105.8,478.0
106,Eric Saubert,TE,9.9,-106.1,479.0
194,Jalen Virgil,WR,11.85,-106.2,480.0
149,Zander Horvath,RB,2.7,-106.3,481.0
195,Tre'Quan Smith,WR,11.649999999999999,-106.4,482.0
196,David Sills V,WR,11.4,-106.64999999999999,483.0
107,Reggie Gilliam,TE,8.6,-107.4,484.0
197,Greg Dortch,WR,10.100000000000001,-107.94999999999999,485.0
198,Stanley Morgan Jr.,WR,9.85,-108.2,486.0
108,Jeremy Ruckert,TE,7.65,-108.35,487.0
201,Mike Thomas,WR,9.6,-108.45,488.5
199,Cameron Batson,WR,9.6,-108.45,488.5
109,Colin Thompson,TE,7.449999999999999,-108.55,490.5
200,Cody Thompson,WR,9.5,-108.55,490.5
110,Stephen Sullivan,TE,7.35,-108.65,492.0
111,Jake Tonges,TE,7.1,-108.9,493.5
112,Jesse James,TE,7.1,-108.9,493.5
151,Taiwan Jones,RB,0.0,-109.0,498.5
150,Malik Davis,RB,0.0,-109.0,498.5
152,Jason Huntley,RB,0.0,-109.0,498.5
153,Damarea Crockett,RB,0.0,-109.0,498.5
154,Jaret Patterson,RB,0.0,-109.0,498.5
155,John Lovett,RB,0.0,-109.0,498.5
156,Larry Rountree III,RB,0.0,-109.0,498.5
157,Spencer Brown,RB,0.0,-109.0,498.5
29,Mitch Trubisky,QB,189.0,-109.60000000000002,503.0
202,Travis Fulgham,WR,8.15,-109.89999999999999,504.0
203,Marquez Stevenson,WR,7.85,-110.2,505.0
209,Dennis Houston,WR,7.7,-110.35,506.0
204,Trenton Irwin,WR,7.55,-110.5,507.5
113,Charlie Kolar,TE,5.5,-110.5,507.5
114,Josh Oliver,TE,5.3999999999999995,-110.6,509.0
205,Andy Isabella,WR,7.4,-110.64999999999999,510.0
207,N'Keal Harry,WR,7.2,-110.85,511.0
115,Charlie Woerner,TE,5.1,-110.9,512.0
206,Malik Turner,WR,7.05,-111.0,513.0
208,River Cracraft,WR,6.95,-111.1,514.0
212,Isaiah Coulter,WR,6.4,-111.64999999999999,515.0
116,Cole Turner,TE,4.35,-111.65,516.0
211,Gunner Olszewski,WR,6.3500000000000005,-111.7,517.5
210,Dante Pettis,WR,6.3500000000000005,-111.7,517.5
213,Jaelon Darden,WR,6.25,-111.8,519.0
215,Jared Bernhardt,WR,6.199999999999999,-111.85,520.0
214,Jake Kumerow,WR,6.1,-111.95,521.0
117,Quintin Morris,TE,3.95,-112.05,522.0
118,Tanner Conner,TE,3.8499999999999996,-112.15,523.0
218,Bisi Johnson,WR,5.85,-112.2,524.0
119,Mitchell Wilcox,TE,3.6999999999999997,-112.3,525.0
120,Shane Zylstra,TE,3.6,-112.4,526.0
216,Dax Milne,WR,5.15,-112.89999999999999,527.0
217,Steven Sims Jr.,WR,5.050000000000001,-113.0,528.0
219,Frank Darby,WR,4.75,-113.3,529.0
220,Brandon Powell,WR,4.3,-113.75,530.0
221,Lance McCutcheon,WR,4.0,-114.05,531.0
121,Cethan Carter,TE,1.8499999999999999,-114.15,532.0
124,Jared Pinkney,TE,0.0,-116.0,535.0
122,J.P. Holtz,TE,0.0,-116.0,535.0
123,Troy Fumagalli,TE,0.0,-116.0,535.0
126,Miller Forristall,TE,0.0,-116.0,535.0
125,Jordan Franks,TE,0.0,-116.0,535.0
228,Josh Gordon,WR,0.0,-118.05,543.0
227,Kawaan Baker,WR,0.0,-118.05,543.0
230,C.J. Saunders,WR,0.0,-118.05,543.0
231,Slade Bolden,WR,0.0,-118.05,543.0
226,Lawrence Cager,WR,0.0,-118.05,543.0
225,Vyncint Smith,WR,0.0,-118.05,543.0
224,Daurice Fountain,WR,0.0,-118.05,543.0
222,Kirk Merritt,WR,0.0,-118.05,543.0
223,Jakeem Grant Sr.,WR,0.0,-118.05,543.0
229,Dan Chisena,WR,0.0,-118.05,543.0
232,Alex Erickson,WR,0.0,-118.05,543.0
30,Jacoby Brissett,QB,179.6,-119.00000000000003,549.0
31,Geno Smith,QB,175.1,-123.50000000000003,550.0
32,Deshaun Watson,QB,94.3,-204.3,551.0
33,Kenny Pickett,QB,89.6,-209.00000000000003,552.0
34,Drew Lock,QB,73.6,-225.00000000000003,553.0
35,Desmond Ridder,QB,69.4,-229.20000000000002,554.0
36,Joe Flacco,QB,55.1,-243.50000000000003,555.0
37,Andy Dalton,QB,27.6,-271.0,556.0
38,Tyrod Taylor,QB,20.0,-278.6,557.0
39,Taysom Hill,QB,19.6,-279.0,558.0
40,Sam Darnold,QB,18.9,-279.70000000000005,559.0
41,Tyler Huntley,QB,18.8,-279.8,560.0
42,Joshua Dobbs,QB,17.7,-280.90000000000003,561.0
43,Trace McSorley,QB,16.7,-281.90000000000003,562.0
45,Jimmy Garoppolo,QB,16.2,-282.40000000000003,563.5
44,Shane Buechele,QB,16.2,-282.40000000000003,563.5
46,Josh Johnson,QB,15.2,-283.40000000000003,565.0
47,Cooper Rush,QB,15.1,-283.5,566.0
48,Trevor Siemian,QB,15.0,-283.6,567.0
50,Colt McCoy,QB,14.8,-283.8,568.5
49,Gardner Minshew II,QB,14.8,-283.8,568.5
51,Teddy Bridgewater,QB,12.9,-285.70000000000005,570.0
52,Taylor Heinicke,QB,12.5,-286.1,571.0
53,Malik Willis,QB,12.1,-286.5,572.0
54,Jordan Love,QB,11.2,-287.40000000000003,573.0
55,Kyle Allen,QB,10.5,-288.1,574.0
56,Brian Hoyer,QB,10.4,-288.20000000000005,575.0
57,Brett Rypien,QB,9.9,-288.70000000000005,576.0
58,C.J. Beathard,QB,9.8,-288.8,577.0
60,Kyle Trask,QB,9.7,-288.90000000000003,578.5
59,Case Keenum,QB,9.7,-288.90000000000003,578.5
61,Nate Sudfeld,QB,9.6,-289.0,580.0
62,Blaine Gabbert,QB,9.4,-289.20000000000005,581.0
63,Jarrett Stidham,QB,9.3,-289.3,582.0
64,John Wolford,QB,9.0,-289.6,583.0
65,Nick Foles,QB,8.7,-289.90000000000003,584.0
66,Nick Mullens,QB,8.4,-290.20000000000005,585.0
67,Chase Daniel,QB,8.1,-290.5,586.0
68,Sam Howell,QB,7.9,-290.70000000000005,587.0
69,Chad Henne,QB,7.6,-291.0,588.0
70,Tim Boyle,QB,7.2,-291.40000000000003,589.5
71,Brandon Allen,QB,7.2,-291.40000000000003,589.5
72,PJ Walker,QB,6.2,-292.40000000000003,591.0
73,Mason Rudolph,QB,5.3,-293.3,592.0
74,Mike White,QB,4.6,-294.0,593.0
75,Sean Mannion,QB,2.9,-295.70000000000005,594.0
76,Jared Bernhardt,QB,0.4,-298.20000000000005,595.0
84,Jeff Driskel,QB,0.0,-298.6,601.0
87,Easton Stick,QB,0.0,-298.6,601.0
86,Ryan Griffin,QB,0.0,-298.6,601.0
85,Armani Rogers,QB,0.0,-298.6,601.0
82,Nathan Peterman,QB,0.0,-298.6,601.0
83,Kellen Mond,QB,0.0,-298.6,601.0
80,Stone Smartt,QB,0.0,-298.6,601.0
79,Sam Ehlinger,QB,0.0,-298.6,601.0
78,Feleipe Franks,QB,0.0,-298.6,601.0
77,Jacob Eason,QB,0.0,-298.6,601.0
81,Ian Book,QB,0.0,-298.6,601.0
